Workbook

Sheet Sign Inventory
A1: HOLMDALE PRO RODEO — SIGN INVENTORY
A2: HOW TO USE: Fill in the YELLOW cells during your walk-through. One row per sign (or per batch of identical signs — use Qty). Category, Size, Material and Condition have dropdowns, but you can type your own value. For sponsor signs, put the sponsor's name in column D. Row 5 is an EXAMPLE only — overwrite or delete it.
A4: # | B4: Sign / What it says | C4: Category | D4: Sponsor (if applicable) | E4: Size | F4: Material | G4: Qty | H4: Condition | I4: Where it's used on site | J4: Stored at (off-season) | K4: Notes
A5: =IF(B5="","",ROW()-4) -> 1 | B5: Beer Garden — Bruce County Ford | C5: Sponsor | D5: Bruce County Ford | E5: 4 ft x 8 ft | F5: Coroplast (corrugated plastic) | G5: 2 | H5: Good | I5: Beer garden fence, north side | J5: Holm barn loft | K5: EXAMPLE ROW — replace with a real sign
A6: =IF(B6="","",ROW()-4) -> 2 | B6: Main entrance / welcome sign | C6: Operations | D6: —
A7: =IF(B7="","",ROW()-4) -> 3 | B7: Highway directional signs (roadside) | C7: Operations | D7: —
A8: =IF(B8="","",ROW()-4) -> 4 | B8: Parking → | C8: Operations | D8: —
A9: =IF(B9="","",ROW()-4) -> 5 | B9: Accessible parking | C9: Operations | D9: —
A10: =IF(B10="","",ROW()-4) -> 6 | B10: No parking — fire route | C10: Operations | D10: —
A11: =IF(B11="","",ROW()-4) -> 7 | B11: Contestant / trailer parking | C11: Operations | D11: —
A12: =IF(B12="","",ROW()-4) -> 8 | B12: Box office / tickets | C12: Operations | D12: —
A13: =IF(B13="","",ROW()-4) -> 9 | B13: General admission gate | C13: Operations | D13: —
A14: =IF(B14="","",ROW()-4) -> 10 | B14: Gate hours / schedule board | C14: Operations | D14: —
A15: =IF(B15="","",ROW()-4) -> 11 | B15: ATM → | C15: Operations | D15: —
A16: =IF(B16="","",ROW()-4) -> 12 | B16: Washrooms → | C16: Operations | D16: —
A17: =IF(B17="","",ROW()-4) -> 13 | B17: First aid | C17: Operations | D17: —
... A35: =IF(B35="","",ROW()-4) -> 31 | B35: Sponsor thank-you banner (all sponsors) | C35: Operations | D35: —
A36: =IF(B36="","",ROW()-4)
A37: =IF(B37="","",ROW()-4)
A38: =IF(B38="","",ROW()-4)
A39: =IF(B39="","",ROW()-4)
A40: =IF(B40="","",ROW()-4)
A41: =IF(B41="","",ROW()-4)
A42: =IF(B42="","",ROW()-4)
A43: =IF(B43="","",ROW()-4)
A44: =IF(B44="","",ROW()-4)
A45: =IF(B45="","",ROW()-4)
A46: =IF(B46="","",ROW()-4)
A47: =IF(B47="","",ROW()-4)
... A65: =IF(B65="","",ROW()-4)

Sheet Lists
A1: Category | B1: Material | C1: Common sizes | D1: Condition
A2: Sponsor | B2: Coroplast (corrugated plastic) | C2: 12" x 18" | D2: New
A3: Operations | B3: Vinyl banner | C3: 18" x 24" | D3: Good
B4: Mesh banner | C4: 24" x 36" | D4: Fair
B5: Aluminum / metal | C5: 2 ft x 4 ft | D5: Needs repair
B6: Plywood (painted) | C6: 4 ft x 4 ft | D6: Replace
B7: PVC / Sintra board | C7: 4 ft x 8 ft
B8: Fabric flag | C8: 3 ft x 6 ft banner
B9: Magnetic | C9: 3 ft x 10 ft banner
B10: Cardboard / paper | C10: 4 ft x 10 ft banner
B11: Other | C11: Flag (standard)
C12: Other (note exact size)

Sheet Summary
A1: SIGN INVENTORY — SUMMARY
A2: Updates automatically as the Sign Inventory sheet is filled in. Counts include the example row until you replace it.
A4: Overview | B4: Line items | C4: Total signs (Qty)
A5: All signs | B5: =COUNTIF('Sign Inventory'!$B$5:$B$65,"<>") -> 31 | C5: =SUM('Sign Inventory'!$G$5:$G$65) -> 2
A6: Sponsor signs | B6: =COUNTIF('Sign Inventory'!$C$5:$C$65,"Sponsor") -> 1 | C6: =SUMIFS('Sign Inventory'!$G$5:$G$65,'Sign Inventory'!$C$5:$C$65,"Sponsor") -> 2
A7: Operations signs | B7: =COUNTIF('Sign Inventory'!$C$5:$C$65,"Operations") -> 30 | C7: =SUMIFS('Sign Inventory'!$G$5:$G$65,'Sign Inventory'!$C$5:$C$65,"Operations") -> 0
A8: Rows still missing a category | B8: =COUNTIFS('Sign Inventory'!$B$5:$B$65,"<>",'Sign Inventory'!$C$5:$C$65,"") -> 0
A10: By material | B10: Line items | C10: Total signs (Qty)
A11: Coroplast (corrugated plastic) | B11: =COUNTIF('Sign Inventory'!$F$5:$F$65,"Coroplast (corrugated plastic)") -> 1 | C11: =SUMIFS('Sign Inventory'!$G$5:$G$65,'Sign Inventory'!$F$5:$F$65,"Coroplast (corrugated plastic)") -> 2
A12: Vinyl banner | B12: =COUNTIF('Sign Inventory'!$F$5:$F$65,"Vinyl banner") -> 0 | C12: =SUMIFS('Sign Inventory'!$G$5:$G$65,'Sign Inventory'!$F$5:$F$65,"Vinyl banner") -> 0
A13: Mesh banner | B13: =COUNTIF('Sign Inventory'!$F$5:$F$65,"Mesh banner") -> 0 | C13: =SUMIFS('Sign Inventory'!$G$5:$G$65,'Sign Inventory'!$F$5:$F$65,"Mesh banner") -> 0
A14: Aluminum / metal | B14: =COUNTIF('Sign Inventory'!$F$5:$F$65,"Aluminum / metal") -> 0 | C14: =SUMIFS('Sign Inventory'!$G$5:$G$65,'Sign Inventory'!$F$5:$F$65,"Aluminum / metal") -> 0
A15: Plywood (painted) | B15: =COUNTIF('Sign Inventory'!$F$5:$F$65,"Plywood (painted)") -> 0 | C15: =SUMIFS('Sign Inventory'!$G$5:$G$65,'Sign Inventory'!$F$5:$F$65,"Plywood (painted)") -> 0
A16: PVC / Sintra board | B16: =COUNTIF('Sign Inventory'!$F$5:$F$65,"PVC / Sintra board") -> 0 | C16: =SUMIFS('Sign Inventory'!$G$5:$G$65,'Sign Inventory'!$F$5:$F$65,"PVC / Sintra board") -> 0
A17: Fabric flag | B17: =COUNTIF('Sign Inventory'!$F$5:$F$65,"Fabric flag") -> 0 | C17: =SUMIFS('Sign Inventory'!$G$5:$G$65,'Sign Inventory'!$F$5:$F$65,"Fabric flag") -> 0
A18: Magnetic | B18: =COUNTIF('Sign Inventory'!$F$5:$F$65,"Magnetic") -> 0 | C18: =SUMIFS('Sign Inventory'!$G$5:$G$65,'Sign Inventory'!$F$5:$F$65,"Magnetic") -> 0
A19: Cardboard / paper | B19: =COUNTIF('Sign Inventory'!$F$5:$F$65,"Cardboard / paper") -> 0 | C19: =SUMIFS('Sign Inventory'!$G$5:$G$65,'Sign Inventory'!$F$5:$F$65,"Cardboard / paper") -> 0
A20: Other | B20: =COUNTIF('Sign Inventory'!$F$5:$F$65,"Other") -> 0 | C20: =SUMIFS('Sign Inventory'!$G$5:$G$65,'Sign Inventory'!$F$5:$F$65,"Other") -> 0
A22: By condition | B22: Line items
A23: New | B23: =COUNTIF('Sign Inventory'!$H$5:$H$65,"New") -> 0
A24: Good | B24: =COUNTIF('Sign Inventory'!$H$5:$H$65,"Good") -> 1
A25: Fair | B25: =COUNTIF('Sign Inventory'!$H$5:$H$65,"Fair") -> 0
A26: Needs repair | B26: =COUNTIF('Sign Inventory'!$H$5:$H$65,"Needs repair") -> 0
A27: Replace | B27: =COUNTIF('Sign Inventory'!$H$5:$H$65,"Replace") -> 0
